10,Alzheimer's Research Fund,666,2018-01-18,7550,750.63,Help out researchers.,Medical,https://wesll.com/colonelfund/events_images/666-7763.jpeg
12,Independence Day BBQ,01,2018-07-04,1000,75.63,Fun BBQ for 388 Dark Knights!,BBQ,Https://wesll.com/colonelfund/events_images/01-3891.jpeg
9,John's Chemo Fund,1532,2018-03-20,5000,1075.63,Help me pay my medical bills!,Medical,https://wesll.com/colonelfund/events_images/1532-1801.jpeg
16,Liam's house fire help,9351,2018-05-20,7500,2735.63,Help an unfortunate friend out.,Emergency,https://wesll.com/colonelfund/events_images/9351-2234.jpeg
13,Paul's MS Donations,666,2018-05-14,8367.53,7505.63,Help me fund my MS bills.,Medical,https://wesll.com/colonelfund/events_images/666-8281.jpeg
15,Mrs. Cobain's Widow Help,9351,2018-02-05,3500,2735.63,Help out a Widow.,Unknown,https://wesll.com/colonelfund/events_images/9351-4918.jpeg
19,Mrs. Cobain's birthday,01,2018-05-20,1500,25.01,Support a widows birthday party.,Party,https://wesll.com/colonelfund/events_images/01-8160.jpeg
45,Chicken Dinner Fund,01,2018-04-09,1000,0,Sponsor my chicken dinners,pwn,https://wesll.com/colonelfund/events_images/01-9482.jpeg
44,Grad Party,666,2018-05-07,666.66,0,"When we're done, we'll have some fun. It's true because it rhymes",Party,https://wesll.com/colonelfund/events_images/666-8821.jpeg
56,Drew's New Shoes,9351,2018-04-15,50,0,New shoes to keep me running,BBQ,https://wesll.com/colonelfund/events_images/default.jpeg
70,iOS Compress Image,666,2018-03-22,123,0,Description of compressed event,Party,https://wesll.com/colonelfund/events_images/666-7790.jpeg
68,iOS Better Test Image Event,666,2018-03-22,789.01,0,Better image test,Party,https://wesll.com/colonelfund/events_images/default.jpeg
69,iOS Better Image Test,666,2018-03-22,789.01,0,Better image test,Party,https://wesll.com/colonelfund/events_images/666-3661.jpeg
65,Event Titleooo,01,2018-07-04,1000,0,Description of Event,BBQ,https://wesll.com/colonelfund/events_images/01-3961.jpeg
66,Event Titleoooppp,1532,2018-07-04,1000,0,Description of Event,BBQ,https://wesll.com/colonelfund/events_images/1532-7305.jpeg
67,iOS Image Test Event,666,2018-03-22,789.01,0,"Pretty picture, yes?",Medical,https://wesll.com/colonelfund/events_images/666-2279.jpeg
71,iOS New Test Image (Please Work),666,2018-03-22,432.21,0,Iâ€™m getting tired of testing this...,BBQ,https://wesll.com/colonelfund/events_images/666-2082.jpeg
72,iOS Image,666,2018-03-22,43517.1,0,Description of event,BBQ,https://wesll.com/colonelfund/events_images/666-5042.jpeg
73,iOS Great Test,666,2018-09-01,999,0,Description of event,BBQ,https://wesll.com/colonelfund/events_images/666-1334.jpeg
74,iOS Greater Test,666,2018-01-01,888.88,0,Description of event,Unknown,https://wesll.com/colonelfund/events_images/666-4915.jpeg
75,iOS Ultimate Image Test,666,2018-01-01,666.66,0,This is it,Party,https://wesll.com/colonelfund/events_images/666-8723.jpeg
76,iOS Pretty Image Test,666,2017-12-25,500,0,Check out this pretty picture!,BBQ,https://wesll.com/colonelfund/events_images/666-6245.jpeg
77,iOS Test,666,2019-01-01,500,0,Description of event,BBQ,https://wesll.com/colonelfund/events_images/666-8907.jpeg
78,iOS Tall Pic Test,666,2019-01-10,456,0,Description of event,Medical,https://wesll.com/colonelfund/events_images/666-2993.jpeg
79,iOS Flower,666,2019-12-12,500,0,Description of event,Medical,https://wesll.com/colonelfund/events_images/666-9613.jpeg
80,iOS Testing,666,2018-06-04,1000,0,Description of event,Medical,https://wesll.com/colonelfund/events_images/666-8930.jpeg
81,iOS Tall Test 2,666,2020-12-20,111,0,Description of event,Medical,https://wesll.com/colonelfund/events_images/666-4683.jpeg
82,iOS Test2,666,2020-01-01,500,0,Description of event,Medical,https://wesll.com/colonelfund/events_images/666-8992.jpeg
83,iOS Properly Compressed Tall Image,666,2017-01-02,666,0,Description of event,Medical,https://wesll.com/colonelfund/events_images/666-1492.jpeg
84,iOS Final Image Test,666,2016-01-01,123.45,0,Images now properly fill the cover photo box,Party,https://wesll.com/colonelfund/events_images/666-6163.jpeg
85,iOS Alert Test,666,2019-12-10,666,0,Description of event,Medical,https://wesll.com/colonelfund/events_images/666-2281.jpeg
86,iOS Segue Test,666,2026-01-01,666,0,Description of event,BBQ,https://wesll.com/colonelfund/events_images/666-8983.jpeg
87,Fragment Testing,01,2018-07-04,1000,0,Description of Event,BBQ,https://wesll.com/colonelfund/events_images/default.jpeg
88,Fragment Test #2 for picture,01,2018-07-04,1000,0,Description of Event,BBQ,https://wesll.com/colonelfund/events_images/01-6886.jpeg
92,Job Hunt,76194,2018-04-18,1000,0,Letâ€™s find Chris a job,Party,https://wesll.com/colonelfund/events_images/76194-3913.jpeg
94,BBQ Study,01,2018-04-30,200,0,Letâ€™s study and eat,Party,https://wesll.com/colonelfund/events_images/01-3998.jpeg
95,Fix Bobby,666,2018-05-01,5000,0,Bobby broke a lot of things and needs money for bills,Medical,https://wesll.com/colonelfund/events_images/666-3570.jpeg
97,iOS Picker Test,01,2014-03-26,1234567.89,0,Looks like the pickers work well,Emergency,https://wesll.com/colonelfund/events_images/01-6948.jpeg
98,Billpay,01,2018-03-28,5000,0,Need money for bills.,Emergency,https://wesll.com/colonelfund/events_images/01-1822.jpeg
99,Test Event,76194,2018-08-29,1234,0,Letâ€™s climb up the pretty mountain,Party,https://wesll.com/colonelfund/events_images/76194-9100.jpeg
100,Event Title,01,2018-07-04,1000,0,Description of Event,BBQ,https://wesll.com/colonelfund/events_images/default.jpeg
101,Trial,01,2019-04-03,10000,0,Jens Nanak,Party,https://wesll.com/colonelfund/events_images/default.jpeg
102,Grant,01,2019-04-03,10000,0,Trialllnd admin@colonelfun.com,BBQ,https://wesll.com/colonelfund/events_images/default.jpeg
103,Title Thatâ€™s Awesome,01,2077-08-13,2,0,I need coffee,Emergency,https://wesll.com/colonelfund/events_images/01-2250.jpeg
